Recipe URL,Recipe Name,Prep Time,Cook Time,Ingredient List,Equipment List
https://www.loveandlemons.com/vegetarian-lasagna/,Best Vegetarian Lasagna,40 minutes,50 minutes,"Extra-virgin olive oil8 ounces cremini mushrooms, stemmed and quartered1 red bell pepper, stemmed, seeded, and cut into 1-inch pieces1 medium zucchini, cut into ½-inch pieces½ medium yellow onion, cut into ½-inch piecesSea salt and freshly ground black pepper15 lasagna noodles*3 cups (24 ounces) marinara sauce, 3 cups fresh spinach2 cups grated low-moisture, part-skim mozzarella cheese½ cup grated pecorino cheeseFresh basil leaves or chopped fresh parsley, for garnish",9x13 Baking DishBaking Sheets
https://www.loveandlemons.com/vegetarian-chili-recipe/,Vegetarian Chili,10 minutes,35 minutes,"2 tablespoons extra-virgin olive oil1 small yellow onion, chopped1 red bell pepper, diced2 garlic cloves, minced1 teaspoon  chili powder, optional1 teaspoon  ground cumin, optional1 (14-ounce) can diced fire-roasted tomatoes1 (14-ounce) can kidney beans, drained and rinsed1 (14-ounce) can pinto beans, drained and rinsed1 cup water or broth3 chipotle peppers from canned chipotles in adobo, diced, plus 3 tablespoons sauce*1 cup corn kernels, fresh or frozen½ teaspoon sea salt, plus more to tasteFreshly ground black pepper1 tablespoon fresh lime juice, plus wedges for serving",N/A
https://www.loveandlemons.com/best-veggie-burger-recipe/,Best Veggie Burger,20 minutes,N/A,"2 tablespoons extra-virgin olive oil, plus more for drizzling2 shallots, chopped (⅔ cup)16 ounces mushrooms, mix of shiitake + portobello, stemmed and diced2 tablespoons tamari2 tablespoons balsamic vinegar1 tablespoon mirin, or ½ teaspoon maple syrup2 garlic cloves, minced½ teaspoon smoked paprika2 teaspoons sriracha, more if desired½ cup chopped walnuts¼ cup ground flaxseed2 cups cooked short-grain brown rice, freshly cooked so that it’s sticky*1 cup panko bread crumbs, dividedVegan Worcestershire sauce, for brushingNonstick cooking spray, for grillingHamburger buns and desired burger fixingsSea salt and freshly ground black pepper",N/A
https://www.loveandlemons.com/quinoa-bowl/,Mediterranean Quinoa Bowl,20 minutes,20 minutes,"3 cups cooked quinoa, from 1 cup uncooked2 Persian cucumbers, thinly sliced1 cup cherry tomatoes, halved2 avocados, dicedPickled Red OnionsFresh mint and/or parsley leavesAleppo pepperGarlic Yogurt Sauce, see note",N/A
https://www.loveandlemons.com/vegetarian-lasagna/,Best Vegetarian Lasagna,40 minutes,50 minutes,"Extra-virgin olive oil8 ounces cremini mushrooms, stemmed and quartered1 red bell pepper, stemmed, seeded, and cut into 1-inch pieces1 medium zucchini, cut into ½-inch pieces½ medium yellow onion, cut into ½-inch piecesSea salt and freshly ground black pepper15 lasagna noodles*3 cups (24 ounces) marinara sauce, 3 cups fresh spinach2 cups grated low-moisture, part-skim mozzarella cheese½ cup grated pecorino cheeseFresh basil leaves or chopped fresh parsley, for garnish",9x13 Baking DishBaking Sheets
https://www.loveandlemons.com/marinara-sauce/,Marinara Sauce,10 minutes,30 minutes,"2 tablespoons extra-virgin olive oil⅓ cup finely minced shallot2 large garlic cloves, finely minced½ teaspoon sea saltFreshly ground black pepper1 (28-ounce) can crushed tomatoes2 teaspoons balsamic vinegar¼ teaspoon cane sugar¼ teaspoon dried oregano¼ teaspoon red pepper flakes",N/A
https://www.loveandlemons.com/falafel/,Falafel,15 minutes,25 minutes,"1 cup uncooked chickpeas, soaked 24 hours, drained, rinsed, and patted dry* (see note)½ cup chopped shallot or yellow onion3 garlic cloves1 teaspoon lemon zest1 teaspoon ground cumin1 teaspoon ground coriander¾ teaspoon sea salt¼ teaspoon cayenne pepper¼ teaspoon baking powder1 cup chopped fresh cilantro leaves and stems, patted dry1 cup chopped fresh parsley leaves and stems, patted dry1 tablespoon extra-virgin olive oil, plus more for drizzling",N/A
https://www.loveandlemons.com/pita-bread-recipe/,Homemade Pita Bread,20 minutes,5 minutes,"3/4 cup warm water1 package (2 1/4 teaspoons),  active dry yeast1 teaspoon plus 1 tablespoon sugar3 3/4 cups bread flour (469 grams), plus more for dusting1 1/2 teaspoons sea salt3 tablespoons extra-virgin olive oil, plus more for the bowl3/4 cup whole-milk Greek yogurt, (we use Stonyfield)",N/A
https://www.loveandlemons.com/tahini-sauce/,Tahini Sauce,5 minutes,N/A,"½ cup tahini*¼ cup fresh lemon juice6 tablespoons water, plus more as needed1 small garlic clove, grated or pressed½ teaspoon sea salt",N/A
https://www.loveandlemons.com/pickled-red-onions/,Pickled Red Onions,5 minutes,5 minutes,2 small red onions2 cups white vinegar2 cups water⅓ cup cane sugar2 tablespoons sea salt,10-oz. Mason JarsMandoline (makes it super easy to make thin slices!)Medium Pot
https://www.loveandlemons.com/frittata-recipe/,"Frittata Recipe, plus 5 Variations",5 minutes,25 minutes,"6 large eggs, use 8 eggs for a 12-inch skillet¼ cup unsweetened almond milk, or any milk2 garlic cloves, minced¼ teaspoon sea salt, more for sprinklingFreshly ground black pepperExtra-virgin olive oil, for drizzlingChoose ingredients for one of the variations below:",10-Inch Cast Iron Skillet (I like to use an enameled cast iron skillet)
https://www.loveandlemons.com/best-veggie-burger-recipe/,Best Veggie Burger,20 minutes,N/A,"2 tablespoons extra-virgin olive oil, plus more for drizzling2 shallots, chopped (⅔ cup)16 ounces mushrooms, mix of shiitake + portobello, stemmed and diced2 tablespoons tamari2 tablespoons balsamic vinegar1 tablespoon mirin, or ½ teaspoon maple syrup2 garlic cloves, minced½ teaspoon smoked paprika2 teaspoons sriracha, more if desired½ cup chopped walnuts¼ cup ground flaxseed2 cups cooked short-grain brown rice, freshly cooked so that it’s sticky*1 cup panko bread crumbs, dividedVegan Worcestershire sauce, for brushingNonstick cooking spray, for grillingHamburger buns and desired burger fixingsSea salt and freshly ground black pepper",N/A
https://www.loveandlemons.com/how-to-cook-brown-rice/,How to Cook Brown Rice,5 minutes,55 minutes,"1 cup uncooked brown rice, well rinsed2 cups water1 teaspoon extra-virgin olive oil",N/A
https://www.loveandlemons.com/eggplant-parmesan/,Eggplant Parmesan,20 minutes,40 minutes,"2 large eggplant, cut into ¼-inch thick rounds2 eggs, beaten¼ cup almond milk1½ cups panko breadcrumbs1¼ cup grated Parmesan cheese, divided2 teaspoons oregano2 tablespoons fresh thyme½ teaspoon red pepper flakes½ teaspoon sea salt, more for sprinklingFreshly ground black pepperExtra-virgin olive oil, for drizzling28 ounces Marinara Sauce2 large balls fresh mozzarella, thinly sliced⅓ cup fresh basil leaves",9x13-Inch Baking Dish (This Stuab one is so pretty for serving)
https://www.loveandlemons.com/vegan-ramen/,Vegan Ramen,20 minutes,10 minutes,"1 recipe Mushroom Broth1 tablespoon rice vinegar1 tablespoon mirin2 tablespoons white miso paste3 tablespoons extra-virgin olive oil1 large or 2 medium baby bok choy, sliced into thin wedgesSea salt2 tablespoons waterCaps from 1 pound shiitake mushrooms, sliced8 ounces dried ramen noodlesBaked tofuJulienned daikon radish or carrot1 bunch scallions, thinly slicedChili crisp (we like Trader Joe's brand), for servingTamari, for serving",N/A
https://www.loveandlemons.com/mushroom-broth/,Mushroom Broth,10 minutes,10 minutes,"2 medium yellow onions2 tablespoons extra-virgin olive oilStems from 1 pound shiitake mushrooms8 ounces cremini mushrooms, halved10 cups water1 garlic bulb, halved horizontally1- inch piece fresh ginger, halved½ ounce dried shiitake mushrooms3 tablespoons tamari1 teaspoon black peppercorns3- inch piece kombu",N/A
https://www.loveandlemons.com/how-to-cook-tofu/,How to Cook Tofu,5 minutes,25 minutes,"14 ounces extra-firm tofu, patted dry and cubed½ tablespoon extra-virgin olive oil2 tablespoons tamari½ teaspoon sriracha1 tablespoon cornstarch, optional","Tofuture Tofu Press (after testing tofu presses, I found I LOVED this one)Baking Sheets (I love these nonstick ones from Nordic Ware)"
https://www.loveandlemons.com/vegetarian-stuffed-peppers/,Vegetarian Stuffed Peppers,30 minutes,30 minutes,"4 red bell peppers, halved lengthwise, seeds and membranes removed2 tablespoons avocado oil, plus more for drizzling1 medium yellow onion, chopped1 jalapeño pepper, stemmed and finely chopped4 garlic cloves, chopped2 tablespoons tomato paste2 teaspoons chili powder2 teaspoons ground cumin¾ teaspoon sea salt, plus more for sprinklingFreshly ground black pepper1½ cups cooked brown rice1½ cups cooked black beans, drained and rinsed1 cup corn kernels, fresh or frozen2 tablespoons fresh lime juice, plus wedges for serving1 teaspoon lime zest1 cup shredded pepper jack cheese*½ cup chopped fresh cilantroSalsa, optional, for servingAvocado, or guacamole, optional, for serving",N/A
https://www.loveandlemons.com/vegetarian-stuffed-peppers/,Vegetarian Stuffed Peppers,30 minutes,30 minutes,"4 red bell peppers, halved lengthwise, seeds and membranes removed2 tablespoons avocado oil, plus more for drizzling1 medium yellow onion, chopped1 jalapeño pepper, stemmed and finely chopped4 garlic cloves, chopped2 tablespoons tomato paste2 teaspoons chili powder2 teaspoons ground cumin¾ teaspoon sea salt, plus more for sprinklingFreshly ground black pepper1½ cups cooked brown rice1½ cups cooked black beans, drained and rinsed1 cup corn kernels, fresh or frozen2 tablespoons fresh lime juice, plus wedges for serving1 teaspoon lime zest1 cup shredded pepper jack cheese*½ cup chopped fresh cilantroSalsa, optional, for servingAvocado, or guacamole, optional, for serving",N/A
https://www.loveandlemons.com/cauliflower-fried-rice/,Cauliflower Fried Rice,20 minutes,10 minutes,"2 tablespoons rice vinegar2 tablespoons tamari2 teaspoons toasted sesame oil2 teaspoons avocado oil8 ounces shiitake mushrooms, stemmed and sliced1 large carrot, diced¼ teaspoon sea salt2 garlic cloves, chopped1 tablespoon chopped fresh ginger¼ cup chopped kimchi1 small head of cauliflower, riced1 bunch scallions, chopped2 eggs, beaten½ cup frozen edamame1½ teaspoons fresh lime juiceFried eggs, for topping, optionalSesame seeds, for garnishMicrogreens, for garnishSriracha, for serving",N/A
https://www.loveandlemons.com/cauliflower-fried-rice/,Cauliflower Fried Rice,20 minutes,10 minutes,"2 tablespoons rice vinegar2 tablespoons tamari2 teaspoons toasted sesame oil2 teaspoons avocado oil8 ounces shiitake mushrooms, stemmed and sliced1 large carrot, diced¼ teaspoon sea salt2 garlic cloves, chopped1 tablespoon chopped fresh ginger¼ cup chopped kimchi1 small head of cauliflower, riced1 bunch scallions, chopped2 eggs, beaten½ cup frozen edamame1½ teaspoons fresh lime juiceFried eggs, for topping, optionalSesame seeds, for garnishMicrogreens, for garnishSriracha, for serving",N/A
https://www.loveandlemons.com/how-to-make-cauliflower-rice/,How to Make Cauliflower Rice,7 minutes,3 minutes,1 medium cauliflower,N/A
https://www.loveandlemons.com/sesame-soba-noodles/,Sesame Soba Noodles,10 minutes,10 minutes,"¼ cup rice vinegar2 tablespoons tamari, more for serving½ teaspoon toasted sesame oil1 teaspoon grated ginger1 garlic clove, grated½ teaspoon maple syrup or honey",N/A
https://www.loveandlemons.com/sesame-soba-noodles/,Sesame Soba Noodles,10 minutes,10 minutes,"¼ cup rice vinegar2 tablespoons tamari, more for serving½ teaspoon toasted sesame oil1 teaspoon grated ginger1 garlic clove, grated½ teaspoon maple syrup or honey",N/A
https://www.loveandlemons.com/cauliflower-tacos/,Roasted Cauliflower Tacos,15 minutes,45 minutes,"1 small cauliflower, outer leaves and core discarded, cut into small florets1 pound red cabbage, thinly sliced (about 1/2 small red cabbage or 6 cups sliced)¼ cup extra-virgin olive oil1 teaspoon ground cumin1 teaspoon ground coriander1 teaspoon kosher salt",N/A
https://www.loveandlemons.com/cauliflower-tacos/,Roasted Cauliflower Tacos,15 minutes,45 minutes,"1 small cauliflower, outer leaves and core discarded, cut into small florets1 pound red cabbage, thinly sliced (about 1/2 small red cabbage or 6 cups sliced)¼ cup extra-virgin olive oil1 teaspoon ground cumin1 teaspoon ground coriander1 teaspoon kosher salt",N/A
https://www.loveandlemons.com/avocado-sauce/,Avocado Sauce,5 minutes,N/A,"1 ripe avocado, peeled, pitted, and roughly chopped1 large handful fresh cilantro, finely chopped3 tablespoons fresh lime juice3 tablespoons mayonnaise*½ teaspoon kosher salt",N/A
https://www.loveandlemons.com/pasta-primavera/,Pasta Primavera,10 minutes,20 minutes,"10 ounces penne pasta2 tablespoons extra-virgin olive oil, plus more for drizzling4 garlic cloves, sliced1 yellow squash, sliced into thin half moons1 zucchini, sliced into thin half moons1 bunch asparagus, chopped into 1-inch pieces1 cup cherry tomatoes, halved1 cup thinly sliced red onion1 teaspoon sea salt½ cup frozen peas, thawed¾ cup grated pecorino cheese3 tablespoons fresh lemon juiceRed pepper flakes1 cup fresh basil leaves, plus more for garnish¼ cup fresh tarragon, optionalFreshly ground black pepper",N/A
https://www.loveandlemons.com/pasta-primavera/,Pasta Primavera,10 minutes,20 minutes,"10 ounces penne pasta2 tablespoons extra-virgin olive oil, plus more for drizzling4 garlic cloves, sliced1 yellow squash, sliced into thin half moons1 zucchini, sliced into thin half moons1 bunch asparagus, chopped into 1-inch pieces1 cup cherry tomatoes, halved1 cup thinly sliced red onion1 teaspoon sea salt½ cup frozen peas, thawed¾ cup grated pecorino cheese3 tablespoons fresh lemon juiceRed pepper flakes1 cup fresh basil leaves, plus more for garnish¼ cup fresh tarragon, optionalFreshly ground black pepper",N/A
https://www.loveandlemons.com/bibimbap-recipe/,Bibimbap,N/A,N/A,"½ English cucumber, thinly sliced½ teaspoon rice vinegar1¼ teaspoons sesame oil, divided1 cup fresh mung bean sprouts1 cup shredded carrots4 cups baby spinach½ teaspoon tamari2 cups cooked short-grain white rice2 fried eggs,  or 1 cup cubed baked tofu4 ounces sautéed shiitake mushrooms, optional1 recipe Gochujang sauceSesame seedsSea saltKimchi, optional, for servingChopped scallions, optional, for serving",N/A
https://www.loveandlemons.com/bibimbap-recipe/,Bibimbap,N/A,N/A,"½ English cucumber, thinly sliced½ teaspoon rice vinegar1¼ teaspoons sesame oil, divided1 cup fresh mung bean sprouts1 cup shredded carrots4 cups baby spinach½ teaspoon tamari2 cups cooked short-grain white rice2 fried eggs,  or 1 cup cubed baked tofu4 ounces sautéed shiitake mushrooms, optional1 recipe Gochujang sauceSesame seedsSea saltKimchi, optional, for servingChopped scallions, optional, for serving",N/A
https://www.loveandlemons.com/fried-egg/,Fried Egg,5 minutes,5 minutes,1 large egg1 teaspoon extra-virgin olive oil or small pat of butterSea salt and freshly ground black pepper,N/A
https://www.loveandlemons.com/gochujang-sauce/,Gochujang sauce,5 minutes,N/A,2 to 3 tablespoons gochujang paste*1½ tablespoons rice vinegar1 tablespoon sesame oil1 tablespoon maple syrup,N/A
https://www.loveandlemons.com/buddha-bowl-recipe/,Best Buddha Bowl,15 minutes,20 minutes,"1 large sweet potato, cubedExtra-virgin olive oil, for drizzling1 watermelon radish or 2 red radishes2 medium carrots1 cup shredded red cabbageLemon wedge, for squeezing8 kale leaves, chopped2 cups cooked brown rice or quinoa1 cup cooked chickpeas or cooked lentils¾ cup sauerkraut or other fermented veggie2 tablespoons sesame seeds or hemp seedsTurmeric Tahini Sauce, for servingMicrogreens, optionalSea salt and freshly ground black pepper",N/A
https://www.loveandlemons.com/buddha-bowl-recipe/,Best Buddha Bowl,15 minutes,20 minutes,"1 large sweet potato, cubedExtra-virgin olive oil, for drizzling1 watermelon radish or 2 red radishes2 medium carrots1 cup shredded red cabbageLemon wedge, for squeezing8 kale leaves, chopped2 cups cooked brown rice or quinoa1 cup cooked chickpeas or cooked lentils¾ cup sauerkraut or other fermented veggie2 tablespoons sesame seeds or hemp seedsTurmeric Tahini Sauce, for servingMicrogreens, optionalSea salt and freshly ground black pepper",N/A
https://www.loveandlemons.com/how-to-cook-brown-rice/,How to Cook Brown Rice,5 minutes,55 minutes,"1 cup uncooked brown rice, well rinsed2 cups water1 teaspoon extra-virgin olive oil",N/A
https://www.loveandlemons.com/roasted-sweet-potatoes/,Roasted Sweet Potatoes,10 minutes,25 minutes,"4 medium sweet potatoes, cubedExtra-virgin olive oil, for drizzlingSea salt and freshly ground black pepper",N/A
https://www.loveandlemons.com/tahini-sauce/,Tahini Sauce,5 minutes,N/A,"½ cup tahini*¼ cup fresh lemon juice6 tablespoons water, plus more as needed1 small garlic clove, grated or pressed½ teaspoon sea salt",N/A
https://www.loveandlemons.com/whole-roasted-cauliflower/,Whole Roasted Cauliflower,15 minutes,N/A,"1 medium cauliflower, about 2 pounds, tough outer leaves removedSea salt and freshly ground black pepperLemon wedges, for squeezingFresh cilantro, for garnish",N/A
https://www.loveandlemons.com/whole-roasted-cauliflower/,Whole Roasted Cauliflower,15 minutes,N/A,"1 medium cauliflower, about 2 pounds, tough outer leaves removedSea salt and freshly ground black pepperLemon wedges, for squeezingFresh cilantro, for garnish",N/A
https://www.loveandlemons.com/farro/,How to Cook Farro,5 minutes,25 minutes,"1 cup uncooked farro, rinsed",N/A
https://www.loveandlemons.com/shakshuka-recipe/,Best Shakshuka,10 minutes,25 minutes,"2 tablespoons extra-virgin olive oil1 cup chopped yellow onion1 red bell pepper, seeded and diced¼ teaspoon sea salt, more to tasteFreshly ground black pepper3 medium garlic cloves, minced½ teaspoon smoked paprika½ teaspoon ground cuminPinch of cayenne pepper, optional1 28-ounce can crushed tomatoes2 tablespoons harissa paste*, see note1 cup fresh spinach, chopped3 to 5 eggs⅓ cup crumbled feta cheese¼ cup fresh parsley leaves1 avocado, dicedMicrogreens for garnish, optionalToasted bread, for serving",N/A
https://www.loveandlemons.com/shakshuka-recipe/,Best Shakshuka,10 minutes,25 minutes,"2 tablespoons extra-virgin olive oil1 cup chopped yellow onion1 red bell pepper, seeded and diced¼ teaspoon sea salt, more to tasteFreshly ground black pepper3 medium garlic cloves, minced½ teaspoon smoked paprika½ teaspoon ground cuminPinch of cayenne pepper, optional1 28-ounce can crushed tomatoes2 tablespoons harissa paste*, see note1 cup fresh spinach, chopped3 to 5 eggs⅓ cup crumbled feta cheese¼ cup fresh parsley leaves1 avocado, dicedMicrogreens for garnish, optionalToasted bread, for serving",N/A
https://www.loveandlemons.com/pita-bread-recipe/,Homemade Pita Bread,20 minutes,5 minutes,"3/4 cup warm water1 package (2 1/4 teaspoons),  active dry yeast1 teaspoon plus 1 tablespoon sugar3 3/4 cups bread flour (469 grams), plus more for dusting1 1/2 teaspoons sea salt3 tablespoons extra-virgin olive oil, plus more for the bowl3/4 cup whole-milk Greek yogurt, (we use Stonyfield)",N/A
https://www.loveandlemons.com/sheet-pan-gnocchi/,Sheet Pan Gnocchi,10 minutes,30 minutes,"1 pound store-bought potato gnocchi (we like Isola)1 bunch broccolini, ends trimmed, florets cut into big pieces and stems cut into ½-inch pieces1 pint cherry tomatoes½ small red onion, thinly sliced2 garlic cloves, sliced2 tablespoons extra-virgin olive oil½ teaspoon sea salt½ teaspoon fresh thyme leaves½ teaspoon za’atar¼ teaspoon red pepper flakesFreshly ground black pepper6 ounces feta cheese, torn into 1-inch chunksFresh parsley, for garnish, optional",baking sheetParchment Paper
https://www.loveandlemons.com/sheet-pan-gnocchi/,Sheet Pan Gnocchi,10 minutes,30 minutes,"1 pound store-bought potato gnocchi (we like Isola)1 bunch broccolini, ends trimmed, florets cut into big pieces and stems cut into ½-inch pieces1 pint cherry tomatoes½ small red onion, thinly sliced2 garlic cloves, sliced2 tablespoons extra-virgin olive oil½ teaspoon sea salt½ teaspoon fresh thyme leaves½ teaspoon za’atar¼ teaspoon red pepper flakesFreshly ground black pepper6 ounces feta cheese, torn into 1-inch chunksFresh parsley, for garnish, optional",baking sheetParchment Paper
https://www.loveandlemons.com/avocado-sweet-potato-tacos/,Avocado Sweet Potato Tacos,10 minutes,20 minutes,"1 medium sweet potato, cubedExtra-virgin olive oil, for drizzling1/2 teaspoon chili powder4 to 6 tortillas, I like these white corn & wheat tortillas, or homemade tortillas1 cup black beans, cooked, drained, and rinsedLime slices, for servingSea salt and freshly ground black pepper",N/A
https://www.loveandlemons.com/avocado-sweet-potato-tacos/,Avocado Sweet Potato Tacos,10 minutes,20 minutes,"1 medium sweet potato, cubedExtra-virgin olive oil, for drizzling1/2 teaspoon chili powder4 to 6 tortillas, I like these white corn & wheat tortillas, or homemade tortillas1 cup black beans, cooked, drained, and rinsedLime slices, for servingSea salt and freshly ground black pepper",N/A
https://www.loveandlemons.com/pickled-red-onions/,Pickled Red Onions,5 minutes,5 minutes,2 small red onions2 cups white vinegar2 cups water⅓ cup cane sugar2 tablespoons sea salt,10-oz. Mason JarsMandoline (makes it super easy to make thin slices!)Medium Pot
https://www.loveandlemons.com/quinoa-bowl/,Mediterranean Quinoa Bowl,20 minutes,20 minutes,"3 cups cooked quinoa, from 1 cup uncooked2 Persian cucumbers, thinly sliced1 cup cherry tomatoes, halved2 avocados, dicedPickled Red OnionsFresh mint and/or parsley leavesAleppo pepperGarlic Yogurt Sauce, see note",N/A
https://www.loveandlemons.com/quinoa-bowl/,Mediterranean Quinoa Bowl,20 minutes,20 minutes,"3 cups cooked quinoa, from 1 cup uncooked2 Persian cucumbers, thinly sliced1 cup cherry tomatoes, halved2 avocados, dicedPickled Red OnionsFresh mint and/or parsley leavesAleppo pepperGarlic Yogurt Sauce, see note",N/A
https://www.loveandlemons.com/quinoa/,How to Cook Quinoa,2 minutes,25 minutes,"1 cup quinoa, rinsed1¾ cups water",Medium Pot
https://www.loveandlemons.com/quinoa-salad-recipe/,Mediterranean Quinoa Salad,20 minutes,20 minutes,"3 cups cooked quinoa1 recipe Roasted Tomatoes2 cups arugula1 cup sliced Persian cucumbers1 cup mixed fresh basil and mint leaves¾ cup crumbled feta cheese¾ cup kalamata olives, pitted and sliced½ cup diced red onion⅓ cup toasted pine nuts1 recipe Italian Dressing, plus 2 additional garlic cloves, grated½ teaspoon sea saltFreshly ground black pepperPinches of red pepper flakes1 cup roasted chickpeas",N/A
https://www.loveandlemons.com/butternut-squash-kale-quinoa-stew/,N/A,N/A,N/A,N/A,N/A
https://www.loveandlemons.com/healthy-meal-prep-ideas/,Meal Prep Ideas: Mediterranean Quinoa Salad,20 minutes,N/A,"3 cups cooked quinoa1 recipe Roasted Tomatoes1 cup sliced Persian cucumbers¾ cup crumbled feta cheese¾ cup Kalamata olives, pitted and sliced½ cup diced red onion⅓ cup toasted pine nuts1 recipe Italian Dressing, plus 2 additional garlic cloves, grated½ teaspoon sea saltFreshly ground black pepperPinches of red pepper flakes1 cup roasted chickpeas2 cups arugula1 cup mixed basil & mint",Glass Meal Prep Containers
https://www.loveandlemons.com/lentil-pasta/,Lentil Pasta,15 minutes,15 minutes,"10 ounces pappardelle pasta2 tablespoons extra-virgin olive oil, plus more for drizzling½ medium yellow onion, diced1 medium carrot, finely chopped8 ounces cremini mushrooms, stemmed and finely chopped3 garlic cloves, chopped½ teaspoon sea saltFreshly ground black pepper1 teaspoon balsamic vinegar1 teaspoon tamari1½ cups cooked green or French green lentils, from ½ cup dry24 ounces marinara sauce½ cup Parmesan cheese or vegan Parmesan, for servingFresh parsley, for garnish",N/A
https://www.loveandlemons.com/lentil-pasta/,Lentil Pasta,15 minutes,15 minutes,"10 ounces pappardelle pasta2 tablespoons extra-virgin olive oil, plus more for drizzling½ medium yellow onion, diced1 medium carrot, finely chopped8 ounces cremini mushrooms, stemmed and finely chopped3 garlic cloves, chopped½ teaspoon sea saltFreshly ground black pepper1 teaspoon balsamic vinegar1 teaspoon tamari1½ cups cooked green or French green lentils, from ½ cup dry24 ounces marinara sauce½ cup Parmesan cheese or vegan Parmesan, for servingFresh parsley, for garnish",N/A
https://www.loveandlemons.com/peanut-noodles/,Peanut Noodles,10 minutes,10 minutes,"1 recipe Peanut Sauce8 ounces dried udon or rice noodles1 tablespoon tamari½ English cucumber, julienned1 medium carrot, julienned7 ounces extra-firm tofu, cut into thin stripsFresh mint, cilantro, basil, and/or Thai basil leaves, for garnishCrushed peanuts or sesame seeds, for garnishSriracha, for serving",N/A
https://www.loveandlemons.com/peanut-noodles/,Peanut Noodles,10 minutes,10 minutes,"1 recipe Peanut Sauce8 ounces dried udon or rice noodles1 tablespoon tamari½ English cucumber, julienned1 medium carrot, julienned7 ounces extra-firm tofu, cut into thin stripsFresh mint, cilantro, basil, and/or Thai basil leaves, for garnishCrushed peanuts or sesame seeds, for garnishSriracha, for serving",N/A
https://www.loveandlemons.com/peanut-sauce/,Peanut Sauce,5 minutes,N/A,"½ cup creamy natural peanut butter2 tablespoons fresh lime juice2 tablespoons rice vinegar1 tablespoon sriracha1 tablespoon tamari1 tablespoon toasted sesame oil2 teaspoons maple syrup1 teaspoon grated fresh ginger4 to 6 tablespoons water, as needed",N/A
https://www.loveandlemons.com/roasted-broccoli/,Roasted Broccoli,5 minutes,20 minutes,"12 ounces broccoli floretsExtra-virgin olive oil, for drizzlingSea salt and freshly ground black pepperRed pepper flakes, optional",Baking Sheets (I use these nonstick ones from USA Pan Bakeware)
https://www.loveandlemons.com/portobello-mushroom-burger/,Portobello Mushroom Burger,5 minutes,13 minutes,"4 large portobello mushroomsExtra-virgin olive oil, for drizzlingBalsamic vinegar, for drizzlingTamari, for drizzlingSea salt and freshly ground black pepper",N/A
https://www.loveandlemons.com/portobello-mushroom-burger/,Portobello Mushroom Burger,5 minutes,13 minutes,"4 large portobello mushroomsExtra-virgin olive oil, for drizzlingBalsamic vinegar, for drizzlingTamari, for drizzlingSea salt and freshly ground black pepper",N/A
https://www.loveandlemons.com/homemade-hamburger-buns/,Homemade Hamburger Buns,15 minutes,15 minutes,"3/4 cup warm water1 package active dry yeast (2 1/4 teaspoons)1/4 cup sugar, divided360 grams (3 cups) all-purpose flour60 grams (1/2 cup) whole wheat flour1 1/4 teaspoons sea salt2 tablespoons room temperature butter or extra-virgin olive oil1 egg* (see note)",N/A
https://www.loveandlemons.com/vegetarian-chili-recipe/,Vegetarian Chili,10 minutes,35 minutes,"2 tablespoons extra-virgin olive oil1 small yellow onion, chopped1 red bell pepper, diced2 garlic cloves, minced1 teaspoon  chili powder, optional1 teaspoon  ground cumin, optional1 (14-ounce) can diced fire-roasted tomatoes1 (14-ounce) can kidney beans, drained and rinsed1 (14-ounce) can pinto beans, drained and rinsed1 cup water or broth3 chipotle peppers from canned chipotles in adobo, diced, plus 3 tablespoons sauce*1 cup corn kernels, fresh or frozen½ teaspoon sea salt, plus more to tasteFreshly ground black pepper1 tablespoon fresh lime juice, plus wedges for serving",N/A
https://www.loveandlemons.com/vegetarian-chili-recipe/,Vegetarian Chili,10 minutes,35 minutes,"2 tablespoons extra-virgin olive oil1 small yellow onion, chopped1 red bell pepper, diced2 garlic cloves, minced1 teaspoon  chili powder, optional1 teaspoon  ground cumin, optional1 (14-ounce) can diced fire-roasted tomatoes1 (14-ounce) can kidney beans, drained and rinsed1 (14-ounce) can pinto beans, drained and rinsed1 cup water or broth3 chipotle peppers from canned chipotles in adobo, diced, plus 3 tablespoons sauce*1 cup corn kernels, fresh or frozen½ teaspoon sea salt, plus more to tasteFreshly ground black pepper1 tablespoon fresh lime juice, plus wedges for serving",N/A
https://www.loveandlemons.com/pickled-red-onions/,Pickled Red Onions,5 minutes,5 minutes,2 small red onions2 cups white vinegar2 cups water⅓ cup cane sugar2 tablespoons sea salt,10-oz. Mason JarsMandoline (makes it super easy to make thin slices!)Medium Pot
https://www.loveandlemons.com/jalapeno-cornbread/,Jalapeño Cornbread,15 minutes,20 minutes,"1 cup cornmeal1 cup plus 1 tablespoon all-purpose flour2 teaspoons baking powder½ teaspoon sea salt¼ teaspoon baking soda1 cup almond milk1 large egg¼ cup maple syrup¼ cup extra-virgin olive oil or any neutral oil4 scallions, chopped, reserve some for topping¾ cup seeded diced jalapeño peppers, 2 to 3 peppers, reserve some for topping¾ cup shredded cheddar cheese1 tablespoon butter, for greasing the panHoney Butter, for serving",N/A
https://www.loveandlemons.com/homemade-tortilla-chips/,Homemade Tortilla Chips,5 minutes,15 minutes,"High-heat cooking oil, such as avocado, canola, or vegetable oil12 stale corn tortillas, cut into 6 wedges eachSea salt",N/A
https://www.loveandlemons.com/banh-mi/,Banh Mi Sandwich,20 minutes,20 minutes,"1 (14-ounce) package extra firm tofu (see notes)Extra-virgin olive oil, for the pan4 baguette pieces, sliced in halfSpicy MayoA few sprigs of cilantro per sandwich",N/A
https://www.loveandlemons.com/banh-mi/,Banh Mi Sandwich,20 minutes,20 minutes,"1 (14-ounce) package extra firm tofu (see notes)Extra-virgin olive oil, for the pan4 baguette pieces, sliced in halfSpicy MayoA few sprigs of cilantro per sandwich",N/A
https://www.loveandlemons.com/spicy-mayo/,Spicy Mayo,5 minutes,N/A,½ cup mayonnaise2 tablespoons sriracha1 teaspoon fresh lime juice⅛ teaspoon toasted sesame oil,N/A
https://www.loveandlemons.com/quiche-recipe/,Spinach Quiche,30 minutes,N/A,"1 recipe Easy Pie Crust, chilled at least 2 hours, save remaining dough for another use*5 ounces fresh spinach**6 large eggs½ cup milk1 cup crumbled feta or goat cheese1 cup chopped green onions¼ teaspoon sea saltFreshly ground black pepper",Pie Dish (I like this glass dish because I can see if the crust is done on the bottom)
https://www.loveandlemons.com/quiche-recipe/,Spinach Quiche,30 minutes,N/A,"1 recipe Easy Pie Crust, chilled at least 2 hours, save remaining dough for another use*5 ounces fresh spinach**6 large eggs½ cup milk1 cup crumbled feta or goat cheese1 cup chopped green onions¼ teaspoon sea saltFreshly ground black pepper",Pie Dish (I like this glass dish because I can see if the crust is done on the bottom)
https://www.loveandlemons.com/green-salad-recipe/,Simple Green Salad,15 minutes,14 minutes,"2 small heads of soft lettuce, butter lettuce or similarLemon Vinaigrette, half recipe1 Persian cucumber, thinly sliced¼ cup shaved Parmesan cheese2 tablespoons pepitas1 avocado, thinly sliced¼ cup microgreensFlaky sea salt, optional",N/A
https://www.loveandlemons.com/burrito-bowl/,Burrito Bowl,30 minutes,N/A,"3 cups Cilantro Lime Rice, or cooked white or brown rice2 cups cooked black beans , or pinto beans1 recipe Tofu Sofritas1 recipe  Fajita Veggies, or fresh veggies like romaine lettuce, cherry tomatoes, and cornPico de Gallo, or Tomatillo Salsa, Homemade Salsa, or Corn SalsaGuacamoleSea salt and freshly ground black pepperLime wedges, for serving",N/A
https://www.loveandlemons.com/burrito-bowl/,Burrito Bowl,30 minutes,N/A,"3 cups Cilantro Lime Rice, or cooked white or brown rice2 cups cooked black beans , or pinto beans1 recipe Tofu Sofritas1 recipe  Fajita Veggies, or fresh veggies like romaine lettuce, cherry tomatoes, and cornPico de Gallo, or Tomatillo Salsa, Homemade Salsa, or Corn SalsaGuacamoleSea salt and freshly ground black pepperLime wedges, for serving",N/A
https://www.loveandlemons.com/black-beans-recipe/,How to Cook Black Beans,10 minutes,20 minutes,"2 cups dried black beans8 cups water, more as needed2 teaspoons cumin1 teaspoon extra-virgin olive oil2 teaspoons sea saltFreshly ground black pepper1 (3-inch) piece of kombu, rinsed, optional (see note)3 garlic cloves, grated",N/A
https://www.loveandlemons.com/sofritas/,Sofritas,20 minutes,40 minutes,"½ white onion, cut into 4 wedges2 red bell peppers, halved lengthwise, stems and seeds removed1 green bell pepper, halved lengthwise, stem and seeds removed1 roma tomato, halved lengthwise1 whole jalapeño pepper4 garlic cloves, unpeeled2 (14-ounce) blocks extra-firm tofu, patted dry and torn into large crumbles2 chipotle peppers plus 1 tablespoon adobo sauce from a can of chipotles in adobo1 tablespoon tomato paste1½ teaspoons chili powder1½ teaspoons ground cumin1 teaspoon sea salt, plus more for sprinkling2 tablespoons avocado oil, plus more for drizzling¼ cup water",Chipotles in Adobo
https://www.loveandlemons.com/black-bean-burger-recipe/,Best Black Bean Burger,10 minutes,12 minutes,"3 cups cooked black beans, drained and rinsed⅓ cup grated yellow onion*, (about 1/2 medium)2 garlic cloves, minced2 chipotle peppers from a can of chipotles in adobo, diced, plus 2 tablespoons adobo sauce1 tablespoon tamari1 tablespoon balsamic vinegar1 teaspoon cumin½ teaspoon sea salt½ teaspoon black pepper1 egg**1 cup panko bread crumbsExtra virgin olive oil, for brushingCooking spray, if grillingHamburger buns and desired fixings, for serving",N/A
https://www.loveandlemons.com/black-bean-burger-recipe/,Best Black Bean Burger,10 minutes,12 minutes,"3 cups cooked black beans, drained and rinsed⅓ cup grated yellow onion*, (about 1/2 medium)2 garlic cloves, minced2 chipotle peppers from a can of chipotles in adobo, diced, plus 2 tablespoons adobo sauce1 tablespoon tamari1 tablespoon balsamic vinegar1 teaspoon cumin½ teaspoon sea salt½ teaspoon black pepper1 egg**1 cup panko bread crumbsExtra virgin olive oil, for brushingCooking spray, if grillingHamburger buns and desired fixings, for serving",N/A
https://www.loveandlemons.com/guacamole-recipe/,Best Guacamole Recipe,10 minutes,N/A,"3 avocados, ripe¼ cup diced red onion¼ cup finely chopped fresh cilantroZest and juice of 2 limes1 small jalapeño pepper, diced½ teaspoon sea salt, plus more to taste½ teaspoon ground cumin, optionaloptional: 1 to 2 Roma tomatoes, seeded and diced",N/A
https://www.loveandlemons.com/chipotle-sauce/,Creamy Chipotle Sauce,5 minutes,N/A,"½ cup whole milk Greek yogurt, see vegan note*¼ cup mayonnaise, Sir Kensington’s is best here1 chipotle pepper from a can of chipotles in adobo sauce1 garlic clove, peeled1 teaspoon lime juice1 teaspoon extra-virgin olive oil1 teaspoon honey or maple syrupSea salt and freshly ground black pepper",N/A
https://www.loveandlemons.com/vegan-meatballs/,Vegan Meatballs,30 minutes,45 minutes,"16 ounces mixed cremini and shiitake mushrooms, stemmed and sliced1 cup walnuts½ cup coarsely chopped yellow onion2 garlic cloves, grated½ teaspoon sea salt, plus more for sprinkling½ teaspoon freshly ground black pepper, plus more for sprinkling½ teaspoon fennel seeds, toasted½ teaspoon ground cumin½ teaspoon smoked paprika¼ teaspoon ground sage1½ cups cooked black beans, drained and rinsed¼ cup whole rolled oats1 tablespoon extra-virgin olive oil, plus more for drizzling1 tablespoon tomato paste1 tablespoon ground flaxseed1 tablespoon tamari1 tablespoon balsamic vinegar¾ cup panko bread crumbsAvocado oil, for the panMarinara sauce, for serving (for store bought, we love Rao's)",N/A
https://www.loveandlemons.com/vegan-meatballs/,Vegan Meatballs,30 minutes,45 minutes,"16 ounces mixed cremini and shiitake mushrooms, stemmed and sliced1 cup walnuts½ cup coarsely chopped yellow onion2 garlic cloves, grated½ teaspoon sea salt, plus more for sprinkling½ teaspoon freshly ground black pepper, plus more for sprinkling½ teaspoon fennel seeds, toasted½ teaspoon ground cumin½ teaspoon smoked paprika¼ teaspoon ground sage1½ cups cooked black beans, drained and rinsed¼ cup whole rolled oats1 tablespoon extra-virgin olive oil, plus more for drizzling1 tablespoon tomato paste1 tablespoon ground flaxseed1 tablespoon tamari1 tablespoon balsamic vinegar¾ cup panko bread crumbsAvocado oil, for the panMarinara sauce, for serving (for store bought, we love Rao's)",N/A
https://www.loveandlemons.com/fresh-tomato-sauce/,Fresh Tomato Sauce,20 minutes,33 minutes,"3 pounds medium on-the-vine tomatoes2 tablespoons extra-virgin olive oil⅓ cup finely minced shallot2 large garlic cloves, finely minced½ teaspoon sea saltFreshly ground black pepper1 tablespoon tomato paste2 teaspoons balsamic vinegar¼ teaspoon cane sugar¼ teaspoon dried oregano¼ teaspoon red pepper flakes1 sprig  fresh basil",N/A
https://www.loveandlemons.com/stuffed-acorn-squash/,Stuffed Acorn Squash,20 minutes,40 minutes,"2 acorn squash, halved1 (8-ounce) package tempeh1 tablespoon extra-virgin olive oil, more for drizzling½ yellow onion, chopped8 ounces cremini mushrooms, diced3 garlic cloves, minced⅓ cup coarsely chopped walnuts1 tablespoon tamari1 tablespoon apple cider vinegar½ tablespoon chopped rosemary¼ cup chopped sage⅓ cup dried cranberriesParsley and a few pomegranate arils, for garnishSea salt and freshly ground black pepper",N/A
https://www.loveandlemons.com/stuffed-acorn-squash/,Stuffed Acorn Squash,20 minutes,40 minutes,"2 acorn squash, halved1 (8-ounce) package tempeh1 tablespoon extra-virgin olive oil, more for drizzling½ yellow onion, chopped8 ounces cremini mushrooms, diced3 garlic cloves, minced⅓ cup coarsely chopped walnuts1 tablespoon tamari1 tablespoon apple cider vinegar½ tablespoon chopped rosemary¼ cup chopped sage⅓ cup dried cranberriesParsley and a few pomegranate arils, for garnishSea salt and freshly ground black pepper",N/A
https://www.loveandlemons.com/tempeh/,Marinated Baked Tempeh,30 minutes,30 minutes,1 (8-ounce) package tempeh¼ cup tamari2 tablespoon rice vinegar2 tablespoons maple syrup1 tablespoon extra-virgin olive oil1 teaspoon srirachaFreshly ground black pepper,N/A
https://www.loveandlemons.com/sesame-tofu-recipe/,Crispy Sesame Tofu,10 minutes,30 minutes,"7 ounces extra-firm tofu, drained and cut into 4 (1/2-inch thick) slices2 tablespoons soy sauce or tamari1 teaspoon toasted sesame oil1 teaspoon rice vinegar1 teaspoon light brown sugar1 garlic clove, grated1/2 teaspoon grated fresh ginger1/3 cup white and black sesame seeds1 eggolive oil spray",N/A
https://www.loveandlemons.com/sesame-tofu-recipe/,Crispy Sesame Tofu,10 minutes,30 minutes,"7 ounces extra-firm tofu, drained and cut into 4 (1/2-inch thick) slices2 tablespoons soy sauce or tamari1 teaspoon toasted sesame oil1 teaspoon rice vinegar1 teaspoon light brown sugar1 garlic clove, grated1/2 teaspoon grated fresh ginger1/3 cup white and black sesame seeds1 eggolive oil spray",N/A
https://www.loveandlemons.com/cilantro-lime-rice/,Cilantro Lime Rice,5 minutes,20 minutes,"1 cup long-grain jasmine rice, rinsed well and drained1½ cups water3 teaspoons extra-virgin olive oil, divided1 small garlic clove, finely minced2 scallions, finely chopped1 teaspoon lime zest¼ to ½ teaspoon sea salt1½ tablespoons fresh lime juice½ cup finely chopped fresh cilantroPinch of red pepper flakes or ¼ diced jalapeño, optional",N/A
https://www.loveandlemons.com/spicy-mayo/,Spicy Mayo,5 minutes,N/A,½ cup mayonnaise2 tablespoons sriracha1 teaspoon fresh lime juice⅛ teaspoon toasted sesame oil,N/A
https://www.loveandlemons.com/stuffed-shells-recipe/,Stuffed Shells,20 minutes,30 minutes,"18 to 20 jumbo pasta shellsExtra-virgin olive oil, for drizzling5 ounces spinach2 cups (16 ounces) ricotta cheese1/4 cup grated pecorino cheese, more for sprinkling2 garlic cloves, grated1 teaspoon oregano1 teaspoon lemon zest1/4 teaspoon red pepper flakes3/4 teaspoon sea salt, more for the pasta waterfreshly ground black pepper2 cups Marinara Sauce*, plus more for servingchopped parsley, for serving",N/A
https://www.loveandlemons.com/stuffed-shells-recipe/,Stuffed Shells,20 minutes,30 minutes,"18 to 20 jumbo pasta shellsExtra-virgin olive oil, for drizzling5 ounces spinach2 cups (16 ounces) ricotta cheese1/4 cup grated pecorino cheese, more for sprinkling2 garlic cloves, grated1 teaspoon oregano1 teaspoon lemon zest1/4 teaspoon red pepper flakes3/4 teaspoon sea salt, more for the pasta waterfreshly ground black pepper2 cups Marinara Sauce*, plus more for servingchopped parsley, for serving",N/A
https://www.loveandlemons.com/marinara-sauce/,Marinara Sauce,10 minutes,30 minutes,"2 tablespoons extra-virgin olive oil⅓ cup finely minced shallot2 large garlic cloves, finely minced½ teaspoon sea saltFreshly ground black pepper1 (28-ounce) can crushed tomatoes2 teaspoons balsamic vinegar¼ teaspoon cane sugar¼ teaspoon dried oregano¼ teaspoon red pepper flakes",N/A
https://www.loveandlemons.com/garlic-bread/,Garlic Bread,10 minutes,10 minutes,"1 (15-ounce) loaf French bread, or Italian bread or baguetteGarlic Butter2 tablespoons grated Parmesan cheeseFlaky sea saltChopped fresh parsley or chives, for garnishRed pepper flakes, optional",N/A
https://www.loveandlemons.com/enchiladas-recipe/,Cheese Enchiladas,15 minutes,35 minutes,"1½ cups Enchilada Sauce8 corn tortillas1¼ cups shredded sharp cheddar cheese1¼ cups shredded Monterey Jack cheese8 ounces Oaxaca cheese, torn1 cup cooked black beans, drained and rinsed5 ounces steamed and chopped spinach*1 jalapeño pepper, thinly sliced½ cup chopped fresh cilantro½ avocado, diced½ lime, for squeezing",N/A
https://www.loveandlemons.com/enchiladas-recipe/,Cheese Enchiladas,15 minutes,35 minutes,"1½ cups Enchilada Sauce8 corn tortillas1¼ cups shredded sharp cheddar cheese1¼ cups shredded Monterey Jack cheese8 ounces Oaxaca cheese, torn1 cup cooked black beans, drained and rinsed5 ounces steamed and chopped spinach*1 jalapeño pepper, thinly sliced½ cup chopped fresh cilantro½ avocado, diced½ lime, for squeezing",N/A
https://www.loveandlemons.com/red-enchilada-sauce/,Enchilada Sauce,5 minutes,15 minutes,"3 tablespoons avocado oil3 tablespoons all-purpose flour2 to 3 tablespoons chili powder, to taste½ teaspoon ground cumin½ teaspoon garlic powder½ teaspoon sea salt¼ teaspoon dried oregano1 (8-ounce) can tomato sauce1½ cups vegetable broth",N/A
https://www.loveandlemons.com/fettuccine-alfredo-recipe/,Fettuccine Alfredo,20 minutes,10 minutes,"12 ounces cauliflower florets, (1 small cauliflower)½ cup grated Parmesan cheese, more for serving¼ cup extra-virgin olive oil2 garlic cloves½ teaspoon Dijon mustard3 tablespoons unsalted butter2 tablespoons fresh lemon juice1 teaspoon sea saltFreshly ground black pepper16 ounces fettuccine pasta1 to 1½ cups reserved pasta cooking waterChopped fresh parsley",N/A
https://www.loveandlemons.com/fettuccine-alfredo-recipe/,Fettuccine Alfredo,20 minutes,10 minutes,"12 ounces cauliflower florets, (1 small cauliflower)½ cup grated Parmesan cheese, more for serving¼ cup extra-virgin olive oil2 garlic cloves½ teaspoon Dijon mustard3 tablespoons unsalted butter2 tablespoons fresh lemon juice1 teaspoon sea saltFreshly ground black pepper16 ounces fettuccine pasta1 to 1½ cups reserved pasta cooking waterChopped fresh parsley",N/A
https://www.loveandlemons.com/curry-recipe/,Easy Coconut Curry,15 minutes,35 minutes,"1 tablespoon coconut oil1 cup chopped yellow onion2 garlic cloves, minced½ teaspoon grated fresh ginger½ teaspoon cumin¼ teaspoon coriander¼ teaspoon turmeric¼ teaspoon cardamom1 teaspoon sea salt2 cups cubed butternut squash3 red Thai chiles, or 1 serrano, or ½ jalapeño, thinly sliced2 cups cauliflower florets1 can full-fat coconut milk1 tablespoon fresh lemon juice1 tablespoon fresh lime juice, plus lime wedges for serving4 cups fresh spinach½ cup fresh or frozen peasFreshly ground black pepper",N/A
https://www.loveandlemons.com/curry-recipe/,Easy Coconut Curry,15 minutes,35 minutes,"1 tablespoon coconut oil1 cup chopped yellow onion2 garlic cloves, minced½ teaspoon grated fresh ginger½ teaspoon cumin¼ teaspoon coriander¼ teaspoon turmeric¼ teaspoon cardamom1 teaspoon sea salt2 cups cubed butternut squash3 red Thai chiles, or 1 serrano, or ½ jalapeño, thinly sliced2 cups cauliflower florets1 can full-fat coconut milk1 tablespoon fresh lemon juice1 tablespoon fresh lime juice, plus lime wedges for serving4 cups fresh spinach½ cup fresh or frozen peasFreshly ground black pepper",N/A
https://www.loveandlemons.com/mac-and-cheese/,Homemade Mac and Cheese,15 minutes,45 minutes,"2 cups coarse bread crumbs2 tablespoons extra-virgin olive oil, plus more for drizzling¼ cup grated pecorino cheese1 pound elbow macaroni noodles4 tablespoons unsalted butter, plus more for the pan¼ cup all-purpose flour4 cups whole milk1 garlic clove, grated1 teaspoon Dijon mustard½ teaspoon smoked paprika½ teaspoon sea salt10 ounces sharp cheddar cheese, grated (about 4 cups)10 ounces Gruyère cheese, grated (about 4 cups)Freshly ground black pepper",N/A
https://www.loveandlemons.com/mac-and-cheese/,Homemade Mac and Cheese,15 minutes,45 minutes,"2 cups coarse bread crumbs2 tablespoons extra-virgin olive oil, plus more for drizzling¼ cup grated pecorino cheese1 pound elbow macaroni noodles4 tablespoons unsalted butter, plus more for the pan¼ cup all-purpose flour4 cups whole milk1 garlic clove, grated1 teaspoon Dijon mustard½ teaspoon smoked paprika½ teaspoon sea salt10 ounces sharp cheddar cheese, grated (about 4 cups)10 ounces Gruyère cheese, grated (about 4 cups)Freshly ground black pepper",N/A
https://www.loveandlemons.com/mushroom-risotto/,Mushroom Risotto,15 minutes,30 minutes,"4 tablespoons extra-virgin olive oil1½ pounds mixed mushrooms, chopped¾ teaspoon sea salt, plus more to tasteFreshly ground black pepper1 medium yellow onion, chopped2 garlic cloves, finely chopped1 tablespoon fresh thyme leaves1½ cups uncooked Arborio rice, rinsed⅔ cup dry white wine5 cups warmed vegetable broth½ cup grated pecorino or Parmesan cheese*, plus more for servingChopped fresh parsley, for garnish",N/A
https://www.loveandlemons.com/mushroom-risotto/,Mushroom Risotto,15 minutes,30 minutes,"4 tablespoons extra-virgin olive oil1½ pounds mixed mushrooms, chopped¾ teaspoon sea salt, plus more to tasteFreshly ground black pepper1 medium yellow onion, chopped2 garlic cloves, finely chopped1 tablespoon fresh thyme leaves1½ cups uncooked Arborio rice, rinsed⅔ cup dry white wine5 cups warmed vegetable broth½ cup grated pecorino or Parmesan cheese*, plus more for servingChopped fresh parsley, for garnish",N/A
https://www.loveandlemons.com/baked-ziti/,Easy Baked Ziti,15 minutes,30 minutes,"4 cups (32 ounces) marinara sauce2 cups (16 ounces) ricotta cheese2 garlic cloves, minced1 tablespoon lemon zest1 teaspoon oregano¼ teaspoon red pepper flakes¾ teaspoon sea salt, more for the pasta waterFreshly ground black pepper1 pound ziti pastaExtra-virgin olive oil, for drizzling1 pound fresh spinach1½ cups grated smoked mozzarella cheese¼ cup grated pecorino or Parmesan cheeseChopped fresh parsley and/or torn basil leaves, for garnish",N/A
https://www.loveandlemons.com/baked-ziti/,Easy Baked Ziti,15 minutes,30 minutes,"4 cups (32 ounces) marinara sauce2 cups (16 ounces) ricotta cheese2 garlic cloves, minced1 tablespoon lemon zest1 teaspoon oregano¼ teaspoon red pepper flakes¾ teaspoon sea salt, more for the pasta waterFreshly ground black pepper1 pound ziti pastaExtra-virgin olive oil, for drizzling1 pound fresh spinach1½ cups grated smoked mozzarella cheese¼ cup grated pecorino or Parmesan cheeseChopped fresh parsley and/or torn basil leaves, for garnish",N/A
https://www.loveandlemons.com/vegetarian-pizza/,Vegetarian Pizza,15 minutes,10 minutes,"1 pound pizza doughCornmeal, for the baking sheet1 cup shredded low-moisture part-skim mozzarella cheese½ cup shredded Asiago cheese½ cup shredded pecorino cheese, use the large holes of a box grater⅔ cup pizza sauce½ small red onion, thinly sliced2 jarred roasted red peppers, drained, patted dry, and thinly sliced1 (14-ounce) can artichoke hearts, drained, patted dry, and quartered or coarsely chopped1 jalapeño pepper, thinly sliced, optionalExtra-virgin olive oil, for drizzlingRed pepper flakes, optionalFresh basil leaves",N/A
https://www.loveandlemons.com/vegetarian-pizza/,Vegetarian Pizza,15 minutes,10 minutes,"1 pound pizza doughCornmeal, for the baking sheet1 cup shredded low-moisture part-skim mozzarella cheese½ cup shredded Asiago cheese½ cup shredded pecorino cheese, use the large holes of a box grater⅔ cup pizza sauce½ small red onion, thinly sliced2 jarred roasted red peppers, drained, patted dry, and thinly sliced1 (14-ounce) can artichoke hearts, drained, patted dry, and quartered or coarsely chopped1 jalapeño pepper, thinly sliced, optionalExtra-virgin olive oil, for drizzlingRed pepper flakes, optionalFresh basil leaves",N/A
https://www.loveandlemons.com/roasted-red-peppers/,Roasted Red Peppers,10 minutes,10 minutes,Red bell peppersExtra-virgin olive oilSea salt,N/A
https://www.loveandlemons.com/no-knead-bread-recipe/,No-Knead Bread,N/A,45 minutes,3 cups bread flour1/4 teaspoon active dry yeast1 1/2 teaspoons sea salt1 tablespoon diced lemon peel1 tablespoon minced rosemary1 1/2 cups water1/4 to 1/3 cup Cornmeal,N/A
https://www.loveandlemons.com/grilled-cheese/,Grilled Cheese,N/A,N/A,"2 slices sourdough breadMayonnaiseDijon mustard1 to 2 ounces grated sharp cheddar cheese, depending on the size of your bread1 to 2 ounces grated Gruyère or raclette cheese, depending on the size of your breadButter, for the pan",N/A
https://www.loveandlemons.com/minestrone-soup/,Minestrone Soup,15 minutes,30 minutes,"2 tablespoons extra-virgin olive oil1 medium yellow onion, diced2 medium carrots, chopped2 celery ribs, thinly sliced1 teaspoon sea salt, plus more to tasteFreshly ground black pepper3 garlic cloves, grated1 (28-ounce) can diced tomatoes1½ cups cooked white beans or kidney beans, drained and rinsed1 cup chopped green beans4 cups vegetable broth2 bay leaves1 teaspoon dried oregano1 teaspoon dried thyme¾ cup small pasta, elbows, shells, orecchiette½ cup chopped fresh parsleyRed pepper flakesGrated Parmesan cheese, optional, for serving",Staub Dutch Oven
https://www.loveandlemons.com/minestrone-soup/,Minestrone Soup,15 minutes,30 minutes,"2 tablespoons extra-virgin olive oil1 medium yellow onion, diced2 medium carrots, chopped2 celery ribs, thinly sliced1 teaspoon sea salt, plus more to tasteFreshly ground black pepper3 garlic cloves, grated1 (28-ounce) can diced tomatoes1½ cups cooked white beans or kidney beans, drained and rinsed1 cup chopped green beans4 cups vegetable broth2 bay leaves1 teaspoon dried oregano1 teaspoon dried thyme¾ cup small pasta, elbows, shells, orecchiette½ cup chopped fresh parsleyRed pepper flakesGrated Parmesan cheese, optional, for serving",Staub Dutch Oven
https://www.loveandlemons.com/butternut-squash-soup/,Butternut Squash Soup,10 minutes,35 minutes,"2 tablespoons extra-virgin olive oil1 large  yellow onion, chopped½ teaspoon sea salt1 (3-pound) butternut squash, peeled, seeded, and cubed3 garlic cloves, chopped1 tablespoon chopped fresh sage½ tablespoon minced fresh rosemary1 teaspoon grated fresh ginger3 to 4 cups vegetable brothFreshly ground black pepper",5.5-Quart Dutch Oven (I personally use the Staub Cocotte)Blender (I've used my trusty Vitamix for years)
https://www.loveandlemons.com/butternut-squash-soup/,Butternut Squash Soup,10 minutes,35 minutes,"2 tablespoons extra-virgin olive oil1 large  yellow onion, chopped½ teaspoon sea salt1 (3-pound) butternut squash, peeled, seeded, and cubed3 garlic cloves, chopped1 tablespoon chopped fresh sage½ tablespoon minced fresh rosemary1 teaspoon grated fresh ginger3 to 4 cups vegetable brothFreshly ground black pepper",5.5-Quart Dutch Oven (I personally use the Staub Cocotte)Blender (I've used my trusty Vitamix for years)
https://www.loveandlemons.com/cabbage-soup/,Cabbage Soup,15 minutes,35 minutes,"2 tablespoons extra-virgin olive oil2 carrots, chopped1 medium yellow onion, diced1 celery rib, diced2 tablespoons white wine vinegar2 (14.5-ounce) cans fire roasted diced tomatoes4 cups vegetable broth1 (15.5-ounce) can cooked white beans, drained and rinsed4 garlic cloves, grated2 Yukon gold potatoes, diced1 small green cabbage, about 1 pound (9 cups chopped)1 teaspoon dried thyme¾ teaspoon sea saltFreshly ground black pepperFresh parsley, for garnish",N/A
https://www.loveandlemons.com/cabbage-soup/,Cabbage Soup,15 minutes,35 minutes,"2 tablespoons extra-virgin olive oil2 carrots, chopped1 medium yellow onion, diced1 celery rib, diced2 tablespoons white wine vinegar2 (14.5-ounce) cans fire roasted diced tomatoes4 cups vegetable broth1 (15.5-ounce) can cooked white beans, drained and rinsed4 garlic cloves, grated2 Yukon gold potatoes, diced1 small green cabbage, about 1 pound (9 cups chopped)1 teaspoon dried thyme¾ teaspoon sea saltFreshly ground black pepperFresh parsley, for garnish",N/A
https://www.loveandlemons.com/broccoli-cheddar-soup/,Broccoli Cheddar Soup,10 minutes,25 minutes,"4 tablespoons unsalted butter1 medium yellow onion, chopped½ teaspoon sea saltFreshly ground black pepper3 garlic cloves, chopped¼ cup all-purpose flour2 cups whole milk or unsweetened almond milk2 cups vegetable broth3 cups chopped broccoli florets1 large carrot, julienned or finely chopped½ teaspoon Dijon mustard8 ounces shredded cheddar cheese, about 2 heaping cupsHomemade croutons, for serving, optional",N/A
https://www.loveandlemons.com/broccoli-cheddar-soup/,Broccoli Cheddar Soup,10 minutes,25 minutes,"4 tablespoons unsalted butter1 medium yellow onion, chopped½ teaspoon sea saltFreshly ground black pepper3 garlic cloves, chopped¼ cup all-purpose flour2 cups whole milk or unsweetened almond milk2 cups vegetable broth3 cups chopped broccoli florets1 large carrot, julienned or finely chopped½ teaspoon Dijon mustard8 ounces shredded cheddar cheese, about 2 heaping cupsHomemade croutons, for serving, optional",N/A
https://www.loveandlemons.com/homemade-croutons/,Homemade Croutons,10 minutes,15 minutes,"¼ cup extra-virgin olive oil2 garlic cloves, smashed or halved8 thick slices country bread, about 4 cups cubedSea saltDried parsley or desired seasonings",N/A
https://www.loveandlemons.com/tomato-soup-recipe/,Tomato Soup,15 minutes,30 minutes,"2 tablespoons extra-virgin olive oil, plus more for drizzling2 tablespoons unsalted butter, or an additional 2 tablespoons olive oil2 medium yellow onions, chopped2 medium carrots, chopped6 garlic cloves, chopped2 tablespoons balsamic vinegar2 (28-ounce) cans diced tomatoes3 cups water or vegetable broth1⅓ cups full-fat coconut milk or heavy cream, plus more for drizzling1 teaspoon dried thyme½ teaspoon red pepper flakes1 teaspoon sea salt, plus more to tasteFreshly ground black pepperFresh basil leaves, for garnish",N/A
https://www.loveandlemons.com/tomato-soup-recipe/,Tomato Soup,15 minutes,30 minutes,"2 tablespoons extra-virgin olive oil, plus more for drizzling2 tablespoons unsalted butter, or an additional 2 tablespoons olive oil2 medium yellow onions, chopped2 medium carrots, chopped6 garlic cloves, chopped2 tablespoons balsamic vinegar2 (28-ounce) cans diced tomatoes3 cups water or vegetable broth1⅓ cups full-fat coconut milk or heavy cream, plus more for drizzling1 teaspoon dried thyme½ teaspoon red pepper flakes1 teaspoon sea salt, plus more to tasteFreshly ground black pepperFresh basil leaves, for garnish",N/A
https://www.loveandlemons.com/instant-pot-lentil-soup/,Instant Pot Lentil Soup,15 minutes,45 minutes,"2 tablespoons extra-virgin olive oil1 medium yellow onion, chopped,2 celery stalks, chopped2 cups chopped carrots, about 4 medium6 kale leaves, stems finely diced, leaves chopped4 garlic cloves, grated1 (14-ounce)  can diced fire-roasted tomatoes¾ cup uncooked green lentils2 tablespoons white wine vinegar12 fresh thyme sprigs, bundled1½ teaspoons sea saltHeaping ½ teaspoon ground cuminFreshly ground black pepper6 cups vegetable brothRed pepper flakes½ cup chopped fresh parsley, for garnishGrated Parmesan, for serving, optionalCrusty bread, for serving",Instant Pot Duo Plus
https://www.loveandlemons.com/instant-pot-lentil-soup/,Instant Pot Lentil Soup,15 minutes,45 minutes,"2 tablespoons extra-virgin olive oil1 medium yellow onion, chopped,2 celery stalks, chopped2 cups chopped carrots, about 4 medium6 kale leaves, stems finely diced, leaves chopped4 garlic cloves, grated1 (14-ounce)  can diced fire-roasted tomatoes¾ cup uncooked green lentils2 tablespoons white wine vinegar12 fresh thyme sprigs, bundled1½ teaspoons sea saltHeaping ½ teaspoon ground cuminFreshly ground black pepper6 cups vegetable brothRed pepper flakes½ cup chopped fresh parsley, for garnishGrated Parmesan, for serving, optionalCrusty bread, for serving",Instant Pot Duo Plus
https://www.loveandlemons.com/baked-feta/,Baked Feta,5 minutes,15 minutes,"2 tablespoons extra-virgin olive oil, more for drizzling1 teaspoon cumin seeds1 bunch lacinato kale, stems removed and torn into bite sized pieces2 cups tomato sauce,  or Marinara Sauce1 1/2 cups cooked chickpeas, drained and rinsed1 tablespoon fresh lemon juice, plus wedges for serving1 12-ounce block of feta, cut into 1/2-inch planksfreshly ground black pepperpinch of red pepper flakeswarm pita or baguette, for serving",N/A
https://www.loveandlemons.com/baked-feta/,Baked Feta,5 minutes,15 minutes,"2 tablespoons extra-virgin olive oil, more for drizzling1 teaspoon cumin seeds1 bunch lacinato kale, stems removed and torn into bite sized pieces2 cups tomato sauce,  or Marinara Sauce1 1/2 cups cooked chickpeas, drained and rinsed1 tablespoon fresh lemon juice, plus wedges for serving1 12-ounce block of feta, cut into 1/2-inch planksfreshly ground black pepperpinch of red pepper flakeswarm pita or baguette, for serving",N/A
https://www.loveandlemons.com/pita-bread-recipe/,Homemade Pita Bread,20 minutes,5 minutes,"3/4 cup warm water1 package (2 1/4 teaspoons),  active dry yeast1 teaspoon plus 1 tablespoon sugar3 3/4 cups bread flour (469 grams), plus more for dusting1 1/2 teaspoons sea salt3 tablespoons extra-virgin olive oil, plus more for the bowl3/4 cup whole-milk Greek yogurt, (we use Stonyfield)",N/A
https://www.loveandlemons.com/no-knead-bread-recipe/,No-Knead Bread,N/A,45 minutes,3 cups bread flour1/4 teaspoon active dry yeast1 1/2 teaspoons sea salt1 tablespoon diced lemon peel1 tablespoon minced rosemary1 1/2 cups water1/4 to 1/3 cup Cornmeal,N/A
https://www.loveandlemons.com/vegan-mac-and-cheese/,Vegan Mac and Cheese,20 minutes,10 minutes,¾ cup peeled and diced Yukon Gold potato¾ cup peeled and diced sweet potato2 garlic cloves¼ cup  raw cashews1 tablespoon apple cider vinegar2 tablespoons nutritional yeast½ teaspoon onion powder½ teaspoon sea salt¼ cup extra-virgin olive oil¼ cup water,N/A
https://www.loveandlemons.com/vegan-mac-and-cheese/,Vegan Mac and Cheese,20 minutes,10 minutes,¾ cup peeled and diced Yukon Gold potato¾ cup peeled and diced sweet potato2 garlic cloves¼ cup  raw cashews1 tablespoon apple cider vinegar2 tablespoons nutritional yeast½ teaspoon onion powder½ teaspoon sea salt¼ cup extra-virgin olive oil¼ cup water,N/A
https://www.loveandlemons.com/nutritional-yeast/,Nutritional Yeast Popcorn,5 minutes,10 minutes,"¼ cup sunflower oil, or any neutral oil½ cup popcorn kernels3 tablespoons melted butter½ to 1 teaspoon sea salt⅓ cup nutritional yeast flakes, optional",Nutritional Yeast
https://www.loveandlemons.com/vegan-cheese/,Vegan Cheese,15 minutes,N/A,¾ cup peeled and diced Yukon gold potato¾ cup peeled and diced sweet potato2 garlic cloves¼ cup raw cashews1 tablespoon apple cider vinegar2 tablespoons nutritional yeast½ teaspoon onion powder½ teaspoon sea salt¼ cup extra-virgin olive oil¼ cup water,N/A
https://www.loveandlemons.com/okonomiyaki/,Okonomiyaki,10 minutes,15 minutes,"3 packed cups finely shredded cabbage, about ½ medium*1¼ cups chopped scallions, about 1 bunch1 cup panko breadcrumbs¾ teaspoon sea salt3 eggs, beatenExtra-virgin olive oil, for brushing",N/A
https://www.loveandlemons.com/okonomiyaki/,Okonomiyaki,10 minutes,15 minutes,"3 packed cups finely shredded cabbage, about ½ medium*1¼ cups chopped scallions, about 1 bunch1 cup panko breadcrumbs¾ teaspoon sea salt3 eggs, beatenExtra-virgin olive oil, for brushing",N/A
https://www.loveandlemons.com/spaghetti-aglio-e-olio/,Spaghetti Aglio e Olio,5 minutes,15 minutes,"12 ounces spaghetti½ to 1 cup pasta water¼ cup extra-virgin olive oil4 garlic cloves, thinly sliced¼ to ½ teaspoon red pepper flakes1 large bunch lacinato kale, stemmed and chopped½ teaspoon sea saltFreshly ground black pepper1 teaspoon lemon zest1 teaspoon lemon juice⅓ cup chopped parsleyParmesan or Vegan Parmesan, for serving",N/A
https://www.loveandlemons.com/spaghetti-aglio-e-olio/,Spaghetti Aglio e Olio,5 minutes,15 minutes,"12 ounces spaghetti½ to 1 cup pasta water¼ cup extra-virgin olive oil4 garlic cloves, thinly sliced¼ to ½ teaspoon red pepper flakes1 large bunch lacinato kale, stemmed and chopped½ teaspoon sea saltFreshly ground black pepper1 teaspoon lemon zest1 teaspoon lemon juice⅓ cup chopped parsleyParmesan or Vegan Parmesan, for serving",N/A
https://www.loveandlemons.com/bok-choy-stir-fry/,N/A,N/A,N/A,N/A,N/A
https://www.loveandlemons.com/bok-choy-stir-fry/,N/A,N/A,N/A,N/A,N/A
https://www.loveandlemons.com/how-to-cook-rice/,How to Cook Rice,2 minutes,25 minutes,"1 cup uncooked white rice, well rinsed1 1/2 cups water1 teaspoon extra-virgin olive oil",N/A
https://www.loveandlemons.com/baked-potato/,Perfect Baked Potato,N/A,N/A,4 medium russet potatoesExtra-virgin olive oilSea salt,Baking Sheets (I use these nonstick ones from USA Pan Bakeware!)Parchment Paper (this one doesn't burn)
https://www.loveandlemons.com/baked-potato/,Perfect Baked Potato,N/A,N/A,4 medium russet potatoesExtra-virgin olive oilSea salt,Baking Sheets (I use these nonstick ones from USA Pan Bakeware!)Parchment Paper (this one doesn't burn)
https://www.loveandlemons.com/vegan-sour-cream-recipe/,Vegan Sour Cream,10 minutes,N/A,1¼ cups raw cashews½ cup water2 tablespoons extra-virgin olive oil1 tablespoon fresh lemon juice1 tablespoon white wine vinegar1 garlic clove½ teaspoon Dijon mustard½ teaspoon sea salt¼ teaspoon onion powder,Vitamix BlenderRaw Cashews
https://www.loveandlemons.com/vegan-bacon/,Vegan Bacon,5 minutes,40 minutes,"8 ounces tempeh, sliced crosswise into thin strips, steamed according to this recipe¼ cup tamari2 tablespoons rice vinegar2 tablespoons maple syrup1 tablespoon extra-virgin olive oil½ teaspoon cuminHeaping ½ teaspoon smoked paprikaFreshly ground black pepper",N/A
https://www.loveandlemons.com/margherita-pizza/,Margherita Pizza,20 minutes,10 minutes,"1 (28-ounce) can whole San Marzano tomatoes2 teaspoons extra-virgin olive oil, plus more for drizzling2 small garlic cloves½ teaspoon  sea saltCornmeal, for stretching the dough1 pound Pizza Dough, store-bought or homemade8 ounces fresh mozzarella cheese, torn or thinly slicedFresh basil leavesRed pepper flakes, for sprinkling",Food ProcessorBaking Sheets
https://www.loveandlemons.com/margherita-pizza/,Margherita Pizza,20 minutes,10 minutes,"1 (28-ounce) can whole San Marzano tomatoes2 teaspoons extra-virgin olive oil, plus more for drizzling2 small garlic cloves½ teaspoon  sea saltCornmeal, for stretching the dough1 pound Pizza Dough, store-bought or homemade8 ounces fresh mozzarella cheese, torn or thinly slicedFresh basil leavesRed pepper flakes, for sprinkling",Food ProcessorBaking Sheets
https://www.loveandlemons.com/easy-dinner-ideas/,60 Easy Dinner Ideas,10 minutes,20 minutes,"4 cups (32 ounces)  marinara sauce2 cups (16 ounces) ricotta cheese2 garlic cloves, minced1 tablespoon lemon zest1 teaspoon oregano¼ teaspoon red pepper flakes¾ teaspoon sea salt, more for the pasta waterFreshly ground black pepper1 pound ziti pastaExtra-virgin olive oil, for drizzling1 pound fresh spinach1½ cups smoked mozzarella cheese¼ cup grated pecorino or Parmesan cheese",N/A
https://www.loveandlemons.com/healthy-breakfast-ideas/,Healthy Breakfast Ideas: Veggie Breakfast Tacos,15 minutes,10 minutes,"1 large yellow tomato, diced3 tablespoons diced red onion3 tablespoons chopped cilantro½ to 1 serrano pepper, thinly sliced1 garlic clove, mincedJuice from ½ lime¼ teaspoon sea salt",N/A
https://www.loveandlemons.com/healthy-lunch-ideas/,Healthy Lunch Ideas: Box Lunch Buddha Bowls,15 minutes,20 minutes,"Brown rice, quinoa, or farroMassaged kaleChickpeas, black beans, or edamameRoasted sweet potatoes or carrots*Radishes, shredded cabbage, carrot peelsSauerkraut, pickled ginger or pickled onionsLemon or Turmeric Tahini sauceSesame seeds",N/A
https://www.loveandlemons.com/salad-recipes/,Best Salad Recipes: Easy Greek Salad,10 minutes,5 minutes,"¼ cup extra-virgin olive oil3 tablespoons red wine vinegar1 garlic clove, minced½ teaspoon dried oregano, more for sprinkling¼ teaspoon Dijon mustard1 English cucumber, cut lengthwise, seeded, and sliced ¼-inch thick1 green bell pepper, chopped into 1-inch pieces2 cups halved cherry tomatoes5 ounces feta cheese, cut into ½ inch cubes⅓ cup thinly sliced red onion⅓ cup pitted Kalamata olives⅓ cup fresh mint leaves¼ teaspoon sea saltFreshly ground black pepper",N/A
https://www.loveandlemons.com/soup-recipes/,35 Best Soup Recipes,10 minutes,30 minutes,"3 tablespoons extra-virgin olive oil, divided1 large white onion, chopped½ teaspoon sea salt4 garlic cloves, chopped1 tablespoon white wine vinegar4 cups vegetable broth, store bought or homemade1½ pounds Yukon gold potatoes, about 5, chopped1½ cups cooked white beans, drained and rinsed½ teaspoon Dijon mustard1 tablespoon fresh lemon juice¼ teaspoon smoked paprikaFreshly ground black pepper",N/A
